metric,value
mae,19.120443
rmse,42.723988
mape,71.31758
r2,0.51791054
median_ae,10.260151
loss,1825.3389327059872
