metric,value
mae,19.617521
rmse,43.96939
mape,67.863014
r2,0.48939508
median_ae,10.0
loss,1897.7997044154577
