metric,value
mae,15.634464
rmse,35.495983
mape,58.427864
r2,0.66723126
median_ae,8.264824
loss,1259.964833019127
